dataset,Model,MAE,RMSE,MAPE,PICP,MIW,CRPS,n_epochs,has_hpo,run_date
Heat (Nordbyen),NHITS_MSE,0.2526359386487816,0.3250753601348801,7.523875356478187,,,,100,False,2025-12-26 13:45:11
Heat (Nordbyen),NHITS_Q,0.1943343941860633,0.2533118285002039,5.892420294857965,40.41666666666666,0.2476871867366454,0.2065654465318363,100,True,2025-12-26 13:45:11
Heat (Nordbyen),TIMESNET_MSE,0.5008371604226519,1.5416363123198646,14.873784717397893,,,,150,False,2025-12-26 20:05:44
Heat (Nordbyen),TIMESNET_Q,0.2168978415316137,0.2814716466013463,6.607864221187007,20.08333333333333,0.148148385087649,0.1889114403437732,150,True,2025-12-26 20:05:44
Water (Centrum),NHITS_MSE,0.0056825532252169,0.0077612218466741,44.80233314084478,,,,100,False,2025-12-26 20:17:23
Water (Centrum),NHITS_Q,0.0053386433451064,0.0076782324677215,32.9176802818233,40.66666666666666,0.0081998490114385,0.005866443752815,100,True,2025-12-26 20:17:23
Water (Centrum),TIMESNET_MSE,0.0033442568030035,0.0046506276144969,19.645948016925985,,,,150,False,2025-12-26 18:32:45
Water (Centrum),TIMESNET_Q,0.0029439618978416,0.004035413802193,16.853004210560673,53.16666666666666,0.0056342637911438,0.0022506646847409,150,True,2025-12-26 18:32:45
